{"Cincinnati": {"station": "GHCND:USW00093814", "state": "OH", "total_monthly_precipitation": [512.0, 588.0, 889.0, 491.0, 1558.0, 1764.0, 614.0, 290.0, 145.0, 377.0, 1762.0, 465.0], "total_yearly_precipitation": 9455.0, "relative_monthly_precipitation": [0.054151242728714966, 0.0621893178212586, 0.09402432575356955, 0.05193019566367001, 0.16478053939714438, 0.18656795346377578, 0.06493918561607614, 0.030671602326811213, 0.015335801163405606, 0.03987308302485457, 0.18635642517186674, 0.04918032786885246], "relative_yearly_precipitation": 0.2921636487238119}, "Seattle": {"station": "GHCND:US1WAKG0038", "state": "WA", "total_monthly_precipitation": [1696.0, 730.0, 870.0, 755.0, 937.0, 634.0, 54.0, 157.0, 1090.0, 908.0, 1294.0, 2463.0], "total_yearly_precipitation": 11588.0, "relative_monthly_precipitation": [0.1463583016914049, 0.0629962029685882, 0.07507766655160511, 0.06515360717984121, 0.0808595098377632, 0.054711770797376595, 0.004659993096306524, 0.013548498446668968, 0.09406282361063169, 0.0783569209527097, 0.11166724197445634, 0.21254746289264756], "relative_yearly_precipitation": 0.3580742846548421}, "Maui": {"station": "GHCND:USC00513317", "state": "HI", "total_monthly_precipitation": [390.0, 201.0, 1064.0, 558.0, 89.0, 144.0, 281.0, 272.0, 270.0, 432.0, 854.0, 861.0], "total_yearly_precipitation": 5416.0, "relative_monthly_precipitation": [0.07200886262924668, 0.0371122599704579, 0.1964549483013294, 0.10302806499261448, 0.016432791728212704, 0.026587887740029542, 0.05188330871491876, 0.050221565731166914, 0.04985228951255539, 0.07976366322008863, 0.15768094534711966, 0.15897341211225996], "relative_yearly_precipitation": 0.16735677646622582}, "San Diego": {"station": "GHCND:US1CASD0032", "state": "CA", "total_monthly_precipitation": [1323.0, 853.0, 144.0, 580.0, 5.0, 3.0, 34.0, 0.0, 17.0, 647.0, 394.0, 1903.0], "total_yearly_precipitation": 5903.0, "relative_monthly_precipitation": [0.22412332712180247, 0.144502795188887, 0.02439437574114857, 0.09825512451295951, 0.0008470269354565475, 0.0005082161612739285, 0.005759783161104523, 0.0, 0.0028798915805522615, 0.10960528544807725, 0.06674572251397594, 0.322378451634762], "relative_yearly_precipitation": 0.1824052901551202}}